,What it is?,How it's formed,Effects on Health,Image,,,
Carbon Monoxide,"CO is a colorless, odorless gas that can be harmful when inhaled in large amounts.","CO is released when something is burned. The greatest sources of CO to outdoor air are cars, trucks and other vehicles or machinery that burn fossil fuels. A variety of items in your home such as unvented kerosene and gas space heaters, leaking chimneys and furnaces, and gas stoves also release CO and can affect air quality indoors.","Breathing air with a high concentration of CO reduces the amount of oxygen that can be transported in the bloodstream to critical organs like the heart and brain. At very high levels, which are possible indoors or in other enclosed environments, CO can cause dizziness, confusion, unconsciousness and death.","[![Carbon Monoxide](data:image/jpeg;base64,/9j/4AAQSkZJRgABAQAAAQABAAD/2wCEAAkGBxQUExYTExQXFxYXFxsWGBgZGRsYGRwhHBgYGB8bGxgZISoiGRsnHhgcIzQjJystMDAwGCI2OzYuOiovMC0BCwsLDw4PGxERHC8nIigvNC8vLS8xOC8xLy8xLy8vLy8vOC8vLy8xLy8vLy8vLy8vLy8vLy8vMS8vLy8vLy8xL//AABEIAMIBAwMBIgACEQEDEQH/xAAcAAABBQEBAQAAAAAAAAAAAAAAAgMEBQYBBwj/xABJEAACAQIEAgYGCAQDBwIHAAABAhEAAwQSITEFQQYTIlFhcTKBkaGxwQcUI0JS0eHwFTNickOSoiRTY4KywvFzwxY0NUSTo7P/xAAaAQEAAwEBAQAAAAAAAAAAAAAAAQMEAgUG/8QALhEAAgIBAwIEBAYDAAAAAAAAAAECEQMEITESQRMiUXEyYYGRFCNCUrHRM6HB/9oADAMBAAIRAxEAPwD2uiiivOOgooooAqBjOJ27Vy1bckG7nCGOzKLnILcuyCfUan1R9LOBfW7Qth+rZXDK43GhRo8SjsPWKAaXphhjbS6rMyvba6sKZyrcW0ZB2OdwI8+6rzr0icywTAMiJ7p79Kyd3oSP9rCuoW/kFtSvZtqH6x1jmGcsfZTGN6DFswQ2ghe+VttblEW/btJKqCAHQ2yR/edqnYGusY627vbVwXSM6jcZhI91MYHjFu51kEr1dw2mLjIMw1gE77j21X8B4C9i69wm2Q9q0hIUhw1tFQwfwHLPfMVWY/ojcuLcGe0HbEvftuVLZM6C3qjStzQbMIM8t6bA0PFOM27DIjB3uXMxW3bQu5CxmaBsokanvFS7eIUxrBIBynRhInVTqDHf3GqrivC7xv28TYe2HS29pluKxVlcq2mUgqwZB3zNU17oZca8bpuWpL3rhbqz1h67DtZKlp9BSZA7gBy1bA0w4raN82M3bCLc5ZSGZ0AB5tKNp4VL65ZIzCV31Gnn3VjMV0Gk2whsqq2LFknq+0pt3WutctEEZWYn26nxRiOgrsLy9ZbGe3iUVwhzv9Yurdm8Z7WTLA799NqUgbHE41EtvdLSltWdiNdFBJ256HSog47ZP1eHn6z/ACoB7XYLknuAHfzIFQE6M5bGNsWyiLiTcKBVyrbD2EsxlHipbSN6g2OhRS7buLd7Nq8HtpH8tGS71iIeRa5dzeARRyqQa0X117S6GDqND3HuPhR16QDmWG0XUa+XfWJwnQNggR3tEAYa2Qtshbi2L3Ws10EnNccErzAk7zRiegrFCivaylb9sTbJ6pbuIN4NaAPZdQQvL0VOkRUUgbHFY1LaM5khQTCjMxjcBRqT4Ui9xG2t23ZJ7dzNAGsZVzHN3abVl8b0MdziyLlsfWrb2yMhhCSuVlM65goNzbMwB0iKL3Qp2uXG6xALjYhusCHrv9oQrBadQkwB3AbRTYGpxePS3ae8zSltGdiva0QEtEbmAdKjcN47ZvBsrFShUMLim2RnGZTDRIYbEVU4DowyYTE4ebatfRkzJmyAmyLIbKdthoO7nvTWM6Frlt9XkLKG6zr895bha0LWYl2LSgHZGwBYCJmmwNKMamZ1Jy5CoJYZVOYSMrHRvVzp7rlkjMJAkiRIHeRyFYzE9B3NsotxGYdTkd1JKm1h/q+dlMrcJ1OVgQQSPGjGdB3drx61B1n1kh8h6xjiLZt5bhnW2maQB+BNo1Uga25jEBUatmfq5UZgDlZu0R6IhdzzI76d+sJBOZYG5kQOep5VlrXQ3I4NtraIL6XgipAGXCvhyABoCWbNNVz9CupsjJkOW3hAyJZzC6+HdyzPbBGcN1k9/ZnWlIGuxnF7dt7atmi4yoHCkpmZiqqWGxLCPZMVZVkuinAWS3h2uoFNr6ywtxAVr18ujBASFYWyw3lQ5HM1rahgKKKKAKKKKAKKKKAKKKKAKKKQzgCSQB3nShIqiojcTtj749Un4Cmzxe1+In/lPzFQdrFN/pf2Jr7GO6k3I0YkADWZ0qF/Gbf9Xsrzr6YsQt5MMqxHW3AcyKw/lFgYYEfd+NdQXU6DxTStpnqVu8rLmVgV3zAgj2jSlW2kAxEiYrG/R/xVP4dhg+Yt1cnT+omtD/Grf9XsH50ezoLDNq1FlnRVb/GbZ2zez9acTi1s/ejzBrkl4Zr9LJ9FN2rytqrA+Rml1JW1XJ2iiihAUUUUAUUUUBymTeEkGAFAkkwJPL2fEU9NV+Lu2wZLDnK5uegmBrtI8jQlRb4RYUTVcvF7catr4A/MUHjNveG9n5moLFhn6Mfu3YbZzHJRp6z8tqlVUHjSzIVv9P513+NA6hDHeSAPbU2T4GT0Lem7twKJM+QEk+QFVLccjdP9X6UocbU7qwPqPzqLD0+RdiwtXmMSog8wSfkKfqDZ4jbPMDzGX41NVgdQZFSVuMo8oVRRRQ5CiiigCiikO4AJJgDUk7CgEYq+EUs2w9/hWXxeMa4ZY+Q5D999SuOcQtsVC3EIEkwwOu3I/uarwaiVno6SEK6uX/ACuqs+fx8K4KBXJuZ1hrWP+kK+E+qsRI65p8jadSfUDPqrYXb4A7RA8TArDfSDxBP9na09tmS6zRmBAPVsFLAHbMRVuNeZGfUSrG7L3oYIwOG/9FfhNXmXn4x7jPy9tU3Qu6hwlhQwPV20tvBmGVFzKY5g6Gru/M68gPVptHLUxFRLls7xvyxS9BI2Phr7wPnXWXU+H6CkgxTgcfvy28p9lcnbtHLbEdoEgjYjf96Va4Di5JCvGugbb2j51U5tI8ZNdIAGsEnlO3s5/lQryYozVNGwmioHCMTnTXddD8j7KsKk8iUXGTiwoooocnKpcfxeCVSP7t/YPnUjjWKyJlG7aern+VZ6uWzdptOpLql9Bd28zekxPmdPZSKIroFD0EkuDlPFJEgbRJPsgUzFK6/KpmIEtJ2Gmp7uXOiIlfYTT5YBY0PLcyCd5G2/dWKb6RsFMA3CPxC2Y98H3VOwnTbBXTAvqp/rDW/e4C130SXYq8bHJ11L7mhmuhedFkAnXYan2j86cvnkdzH5cvKuK2stb3pDJpdm8ymVJB8PmOdIJooS1apmn4ZjesWdmGhHzHhUys7wBu2R3qfiK0VSjx88FCbS4O0UUVJScqn6V4rq8NcbvEern/pBq5rPdNf5KjvuAH/K9d41ckcTdRZ5KelouMiYdATcbIrXDlAYjsgqNdT41adBekBxGjQGM9kAiMsSIO8Shn+uOUnEYXoriGZ0CAWwxWbhgEKxAYRLbagxBmthwXo6cPeW91kN1QRh2jmaAGuZmJPagGAK1ySaaK8co45KS7NG6oqFYxJ2Jnw5+ojQ1MVpEisEoOPJ9DizxyK4nmP0ncRF26MKoEWQLjsQSczAAKIB2DA+vwrGYfDrmABbMO5QsEeJMg6d1aPpzb6viF2WgXFRhtpKBeexlSQfKqLC5bb5xcTQNA7RIJVgDOXcEgyO6t0FUVR42eTeWV+pd9FekrWcQGJJtYh/tVJmGZ46wQAAZOw5achHsYJMKJ30A7/zrwfg3DDfvWrFsqxLyxUN2VGWSSQIET64HMV9IcDwP+Iw/tHz/KqsmPqmkvqatNmcMbcuFx7jOIuYbCBHxD5SZgQzT3wigkgSNY7qjcJv4TEhLdjE3GKXTeIJOdwWYm2wvLmaz24gDQBdRVPxXphauN1WLwFzLPZnW4OUhSAQf7W9taG3wrAYFfrIti3A9I9Y7DNpABJIJmNBV8YRSpGOWWcpdTZNPBwbrOSOqKKotBAsMCxL5xqZBAynQZfGqy9w5rdhDdyG7MObecWz6UZVckjSOe81k8DwPAX72bDY27ausdJBS4TvCuwXMfae+a3/AEiP2Y/uA9xrjJCPS3Rdp8s3NK3XuROjzdph3gH2H9avqz/R8dtj/T8x+VaCsSO9V/kYUUUVJnM3x1pux3KB8T86hCI8T+n6+2pHFz9s/q/6RUQGuT2sS/Lj7I6yx+/GKEaD7fhXWef38K4BUexZ23HSojTU/sk/v5VkfpC4l1eFe0mty8CgH9Omc/5SRHj4Vq7NlnOVASf37Kzf0jcPCWEe4IuZ8lvWSZGZttIhfbHjVkE206KcjSTje7+55Zb4WsDMDPMyIpD8KU7Ejwq7SyrZjntoQNAweW0+6VUqDp94ga+y94DwO49h7qMFLdkBwMrKBqZglTOxHNfXV7m1vZkjgi+xseB30axbNokoECjMZPZAWG8RHzqwida8+6D8RK3up3S5JjuYKWn2CPZ3V6KL0LHu9up7+XsrPJU9zbF+VNIQbcQO8x8vjSKUXPzpNcMsV9yy6Pj7Q/2n4rWiqh6Or2mPcAPaf0q+rpHlat/mMKKKKkzBWe6Zn7JD/wAQf9LVoapulGGa5ZhVLEMGAAk8xt5Gu8fKOJ30ujGfWZ0Kg0nE3JgzpHuqLxpcWUt2MAn25V795jkDBEc2ktr1gIzMQxiOQqr6O8XbE2nF3+YoGZoy51aVkr91wwKkbbVpSSd0Vy6nj3dvnjt7lwlyQCD5GnsDiyLuUnRogePa1HjoPbUMOEHaIEAD2abUzYxhuXEVCqjMJZjB32A7zyqZxTi7K9POcckWvUnY3o6lx5uIlwPfN1iyiQvUhAoJJPpKm0SBSLvQfAzrhxPg9wD2BorSouhg+ZOg8gec/KkNHKT7qxdckuT6Tw4N7pMzWB6NrYu3HsW7adtGtmTMBAjoTGYKdTEkSZ3r07hN2bSnuEezT4CsoatOHW2dIS4bbo+dTBZTKlYdARnTcxI1AIIIq3DNuW5n1WJLHt6mi60UlwGBB1B3BAIPmKpDfxq/4WHujmVuvZP+Rkcf66aucUxQ1+oMT/Tfsx7WI+FarPOpFhY6P4VHFxLFpXBkMqAQdpEaA010lPZUeJPu/WonBb2PuX89+3bsWBbK9T1guuXzAhy6qMukiJI89wvjt3M4QCSO7vMae731xmfkZdpV+YvkOdHU0du8gewT86uajYDD5EC89z5n9+6pNYkRml1TckdoooqSoyvFv5z+Y+AqLU3jKRebxAI9gHxFQq4Z7eF3CPsjlFFFSWmn4JhclsH7zdo/Iez507xDBW7yNbuorofSVhI7x6wYM7isFj/pPNq69oYZWCHLPWldt9MhjXStxwPGm9Yt3ymQ3VD5c2aMwEdqBOkcq3wcapHhZVPqcpepU4PoHgLevUK0D77O49YY5T7KX0i4aq2nuIAAEMrsIjcDl5VaY/iS22CkTzaOQ5eflWK+ke7iL6omHM21OZ8pyszcomJUAnTmTtoK4m4U0XYVl6lLev8AhhuhNucSh/CrN/py/wDdXo4XnWH6DYR1vuXRly24hgRqWXv/ALTW5mss+T0sSqImiiiuC0vuj9uFZu9o9g/U1bVF4bay21HOJPr1+dSq6R4eaXVOTO0UUVJWFFROJs4tMbU59IgAn0hOjabTUK3fxAyFkBzXMjqBGVQ1ztjtayMm52BgEmKAzf0gcRu4G/Y4ils3LSq+HxCjQ5XKMjTsIdSJP4gNM01kPoxwX1zE4y4ylLbi40KfRN+8birMQSoDfpNemXcbiCcrYYNbOjbHQlwRBMNCqvKG6zlBqFw979lAljh9q2uVnKW8ttc/VocnZ0LFiwLRHYAkzIuWSo9JHcrcX9HIZRkvwwOpa1mUjuCh1IPjJ8qcsfR/1dy263pCOCQVymOYBB8djpVxexuKtqjm2GGW6XBAWCGJTYkiVAEa799PYrHYoRkw4abQeC8dsz9nP3Y0BY/iJHoweeuXqQopO0O/wJfxt7vyro4Gn4m935VGu8Qxf3cOv+J6RIjL6HozOb0vCcu4kiY3Fkz9X+/lgso0JUBtzqM0sO5WAzaE10aPHyfuJP8AA0/E3tH5VKwPD1tkkEmRBmPkKrreOxRS0xsKGYt1gzE5AIgCPSOp12OTcZgQwvFsWZ/2UZlXtDNIVoQ5Q0gODmYZhHoSd4HUPK7OZZZyVNmkNoUdV41RfX8VOX6uPSIzZhlA+013k7W+QnM3IAnj47F9WGFhc/WOCmaZUWXZe0SApN0Kk9oQZ8rfG+RXbNBEVFs4REJKjU7k6k+s1W3cdiQqkWJJmf8A8gWYzdnsE3MsnbLM60x9exkq3UCCplJHZIUkS06mQBHjyric3IlNo0NFVfDMTfZiLtoIsDKQZJOVCZE6aswjlk5zVpVZAUUUUBDx+CF0QdCNj++VUF/AOm6kjvGo/T109h+O3sxttYzPNwrAa0MqZYaHBciXVc0CTngEKCyLnSG+JUYU9ZkL5czt/hdYNreuvYI0OYEDNRxL8WonjVcoh1yrK9xa8SwXBloLAFiyggOqA62zvmzcxlB1kEDrYtyoYYTXrmt5Sp1UW2YPOTQFgomCNSNajpNK13rE8R4ndm5dbvd29rE19DYGx1Vi3aGmS2qDnGVQNue21ZTqbWjNwy2AMuYCzmaW6qSCLWoXO20k5Ncu1Wdjjt9roU4VwhZUntdntOGZjlgiApEaAHVgTlF8J9JkyZOuivutLEyTrudCfGKRNWF7iVxWI+pEyzgMJMgMFBP2ehaS2piB6ROldXjLyMuCuQXCzlZYGe4uYgoCNEUx/wAQTG9UUa1rUl8JXinFsMdkY+SmrPD8ZdrTP9XdbilPsyLmzkDNPV5jHakKp9A8iDTB41iF0bCMx+0gqWghVDLpkMFiYjbsmCdqdJD1z7R/2NJw24fuEeZAqfguDQQzkGPujb1nn5U1d45cVULWDme+bSp2wY6trobVNTCx+EHdhBhu3x2+QCMI41gqcwIGQ3CZKanTJEQW2aNanpKZ6qclXBo6KpsXxa4HVbVhriuqMH7ar2iw17BygAAmde0NDXeDcRu3XbrLLWlCWyAwaczBiwJKgGOyNJ8YOgUZi4ooooCqx1nEG6GtXFW2AnZIBk5mLz2SYK5QII+9toahphsfAm7amACBHe5Yhur9KMgUxA7Uho10NFLBnDhceVM3LWbswVJUbKH3QiZDlSQYzKI0LNIwVnFqro7oxyHq25KwAC5pEtMyTr6Ld4Au6KWDN28Fjs2Z71vUKrKpYJCm92gMsq5m0TB5uDIVTTtjA4uGL3hLWShAbQPBh1IQFRJ84iZImr6ipsGebCY4rkNy3t6QZg380Eaqg16sakRJO0U5gcLi1uhrlxGTM2ZQxPZhgmWU0O0iZOpzGAKvqKiwUPD1xvWW+ta3kCjrMuoY5GBy9gHNnCtyABI15FjBYsWirXlz5bWUqdirfaDMyEkMoiWDHU7VfUUsFHgcJi0dA91GtAsWB1cgosCco0DZtd4iZ5RcBgMcioGvIxUW1JLFpCqcxJKdolucBisDNIzHTUVNgzD4LiByHrrYKydDAJNt11GTtLmZSoOwGuYgGnxhMcNryfzCdQG7JuXWj0BqFNpfIPzykaCilgzlvDcQgZr1oEd0EH7M99uQOsjTfITqTBrR0UVACiiigKLEtjgW6sWSJbLmBk6XyASGEaiwNtmf1R/r2OzMotISFB1UqJNsx2i8NFyMwXZRoSa0tFLBR4NsYHVXFvq5EudWy5QTs+rFpHogARvTLNj10VbTibpBO/fbB7YkbgkeGg1NaKoPErF1snV3MkOC2npDu/ff4VIKy6ccy7Kp7QAULPoyrEm4QO1IgHu75At/HzrbtRKbdxSW3uCDm05wIjNuF4XheID2muYjrBbgmVgluqdGOkAgs4aDtkgb6MWeEYtf/udwCdNznlzJE9pezpGWNJmgJWBfFZSl5RPVgK4yjt5WzEgMdJAgwPSGgg1HW7j8qgokjKSwyyQLvaWC5GY2x3xJ3HJ/BcLvq6O94tBObchgwEiD6IDDQCkDhuKMTidIUMQNTDgsQI7JZQRH3c2m00A9ir2LzkW0t5A4hm1zLkY6Q4g58iyRzOhpnrcccoyWlJC5iRIB6yHiLksAmqzE84PZpy/gcSSpF8QEQMIjMQQX1AOXMJ1G07Vw4DEk/wA+F0mBqYNySNOzmDrpy6sRMmgE27uNJhrdsDNuI2m2dZcwIziQCTA0Wm/rHEMv8q1mgHluBczCOs0k9XBk6ZidezWioqLBn713Hg6JaIPWQQJI/wB2CDcGbnJkakaASRY8Le8Q3XoqmRlymdMoJ5nZpE6TEwKn0UAUUUUAUUUUA1euhQSTAGpNUOI46zEhBlHedSfkKa6Q47M2Qeiu/if0+M1VWTqKhnoafTqlKaJzYpzuzf5jUfFcQa2sl28BmOtLqg4pfzOddF0Hd4+/4UirZqmoxjwSl6QXvxn2t+dJ/wDiDEAz1re4j3iq6zbLHKoLHfTWrC3wh4lyFHPXX8pq1R9EZJSguaJFvpViI9MGOZVdfYBVlw7pHeeQ2WRHKs5xbjFjDOqKEuaQ4TXIQdR1m5O07TOwGlHCuJWC2dbgUZSSGMAAETqQNjHL1molHbY6goNq0vsbNONXOYU+o/nWJ+knp/iMP1dnDlbbsC7XIDkAGAArArqQZJB2qeekuEzZPrNnNMRnXfzmKyP0gYAPjcNm2uJk/wAtyf8A3KnFHzLqOdTDGsblBKyrwv0n8UQ5mvrcHdcs2gv/AOtVPvrc9FvpftXWFvGWxZY6dapJtT/UD2rQnmSwHMisBxJLHVlUGsqCSwY+ixbKRoBMa+G8Gsqdp8vn+lanjjLseUpM+uga7Xmf0JdIWvYd8LcaWw+Xqyd+raQF8cpUjwBQV6ZWOcel0XJ2gooorkHKKKouL8SbMUQxG5G89wPKoLMeOU3SLi7iFX0mUeZA+NRMRxS2AYYE7gCTPh69qzhqNdUqcw2AJ8tpHlEnzFQ5G6OiXdmlTj1syVBMGNh8zQeOD8J9orO2bqnbQnWPDTX2Ee2nqWWfg8aLr+PD8B9v6UocdX8De0VUWMI7+ipPjy9p0py7gLiiSjerX4VNSq6OHgwXXf3Jt/pGqj0T7fAnu8Kj4DjBGjKTlkHtblmzExHlHmaqTYBJJ2JHuy/lSnvAGD3Ek8hUWy5aXFVJGkXjic1Yew/OpVniVttA0HuOnxrHrigdIM66fn3fpTyzGu9QpFctFD5o2tFU3AsUTNsmYEr5bEVc10ebkg4ScWdoooqTg5SLr5VLHkCfYJpyq7pBihaw9240wttiY325TQ6iraRlFJZpO5Mn40kKA0+NV3CukeGuHKbgtE/70FR/mAKj1kVrsPwFbgDi6rKRIKgMD4hpg1MccpcI9aWaEOWVN98qk9wJ91UODw2cmTCgSzHkPma9BbgFsiGzMDvrHwj40xgeEWc1xFtjIIGUkmT3mSdoq6GFrkyZtXF7RMU3EIGWyMizv95vEmot3FHI4LNMZgw1YEKw07j2iQeRA0Nejt0ewzaGyB5Ej3qagYnoZZJzIzL4E5l9+vvrt45FcMsFtVfM8VazaGvWk+AQk+1sopF7EaFUBCkQZOZiAc0EwABOsAb7zvVz0y6OXMLeJKEWnbsMNU11yzHZPcDy2mJrK38cimCdfAT6tOdcUy1yilbexU8UX7Q+r4VtMZgrmN4dhr4YdZhw6NMywzKkz3win1msLiLxZix/fdXuf0ZcHzcIVWQZrwvEExIDMyqZ32AI9VWyi6VcoxwmuqSfD/s8gxGBxMQVkd4K/wDmq69YZNGBB7jvr/4rbCqHpPa1R/NT8R86QyNumdZdPGMXJFr9EOPNridkcryvZbyK9YP9VtR66+i6+V+il4pjcKwMRibPsN1AfcSPXX1TVWdeZMohwFFFFUHYljGtY13mWO5kn41sbiyCO8RWOrlm/Q15voM2r2aI2IBnz/Snq4Frtcnokc2Yy5ABGnqAIq44Pw/rCWb0R7z3eVV1aTBHJatBfvNr7Gb3kAeursMFKW5l1eVwhty9izVQogCAOQroYRO1JdZUgHcbjy3puxbIWGObedO/lBnTlW48cqeO4JY6xdNYMc9Y9s1nnsAkE8jPn5+wewVp8apWy8/hUa9+gmeemUT4GspfvMCABpOpIJ84A+NYtQkpHraGUpQ37EgKBsN9TSqYW/rBEDvJH799P1QbGiXwl4vJ4yPaDWorJ4H+av8AcPjWsrtHma1edP5HaKKKkxBWe6ff/IYiPwf9y1oaqeleGNzB4hBqTZeB4hSR7wK6j8SD42Pn4GpnC+K3sO2ezca2eeU6H+5T2W9YNQRUrh1u2z5Lr9WG0Fw6qp5Fx+DkSNpnWIOqWPvEnFqf0z+/9noXBPpTIhcVan/iWvnbY+0g+qrnF9NLWHTrwj3EvMTbKwBzPazGV8o5HavLMdwS/aumy9l845KpYEcmUqO0p7/mCK13CeEXsRw65h3s3EuWX6yybiMgYGWKqWAkzm9T1EZS4Lp44bSRveifSC3jbRuIGRlbK6FySvMHxBHOORHKr3qhz189fjXmXQbotj8NfW6VtrbYZbqNcklTrIyBhmB1GveJEzXp/WCrIttblM4pPykPG8PS7ba3cUMjCGU93q2IOoIiKwPFfogwNwk2mvWWn7rB1k96uCfYRXoj4gctfLU+6mw8/db3D4mjIS2pnlHDvoUUODiMUblsHVLdrq2bwLl2yjyE9xFSukPSu4lzqMIwtWbQFtcgGuXs6SNFEQAOQnnptulvFTYw1xxoxGRNdczaSPIS3/LXjYqucnwaMONc0DMSSx3Jnu8aq+kts9QGKnL1gUNBy5srGM20xrFa3ox0ffFXIHZtr/Mfu/pHex9258fTOI9HbF7CnBvby2iIERKkah1OvbB1k785k1zjjvZ1mmulxR83cCj6xh+8X7P/APVK+rq+WOG4F7WPs4d/TTF27Tablb6qSB3aT5V9T1Go5RigFFFFZzs5WV4lZyOw5E5h5HX9PVWqqDxXBdYsj0l28fCoZo02RQnvwzMM0CYJ8qae7I7O/L9ORp25aE9oa7ajWkpZAEAaTOsnX11wewqEWg8Ce/UfudfWdq0HBseuUW2gQdJ23mPOdqoFxAOon/Kfy0pFy4xICEeJ3j1SK7xzcHaK82FZI9LPQI7tKQFMzPKIrI2cZcXRWYDunT2GkYriLkdtzHdO/qG9afxEfQwfgZ3VotOO8QU9gHQGWPLyqmRwdiD5UqopBVpABnmTr5Ax7qzTm5O2b8OJY49KHLuHB7geZga+ffXbdsg6uT4EKPgKdoriizcl8JSbqeEn2A1qaoOj9uWZu4R7f/Hvq+rtHk6uV5K9EdoooqTKFFFcmgMZa+jbBAkkXGBJIUvAEmYGQAwNt6uMH0WwdqMmGtSNiyh2/wAzyau64VrTHMq3CjFdhPWBQBtA0A+Qpt2ZhtHifiAPgYp4IBtTbK06MB5iT8a68WPqTsRlcqcrGB4bD175fXpMd1SeqHdPnr8aZv4UsPTJ8wI9wB28aQmA0hmLDxg/9U+6KeJH1ITokvdVfSYDzIFVvEukOGsfzbqgnUASzR35UBMeNTreCRdAPVJ+E1Q8Z6FYa+z3Dmtu0EshAGgiSpEcqPJHszqLV+YxPTbpCuJuqtsk2rY7JIIzMd2g6xsBI7++ovRzo8+IaYK2ge08HXwXQyfHl7jrsH9HFpXm5dZ0B9ALknwLAkx5RWxt4RVQIgyIogKoAAHhVfVFu2y95VGNQIPD7S2UFq1bCIuwAuN6z2RJPfNTbedhuPXbYe4tT6qB+595pRNRLN+0z2+5T4To3h7eJuYtbQ6+7Ga4dSIUJ2AdEkDWNTzq5ooqptvkgKKKKgBRRSHcDUkDlqYoCJjuHLc12bvHzHOqTEcMdeUjvXX3b1px3d1dioovx6mePblGDGEIaWZswPdEjuIMmKkVsntg6EA+Ymod3htrcqBzkEqPcajpNa1yfxIzVN3Lcwe4zWiPB7Z1Un1EEfCkNwIcnPrE/MUosWsxlHFMYqxm1iSOQMSO6fhWg/gJ/GP8v60fwQDVrmn9se8mlHS1WJb3/JSWiCBBnTc7+vxpxFLEACSdgKvU4Kg9JmPrAFTcPh0WQgA5GN/InelFU9ZFfCrE8OwvVoBz3PnUuuUV0edKTk22doooocnKqOL8F650uZ8pRSogHndsXdwwMTYAgEaMda8XPD7ms4tpAJhS7bQDs0wGzA/2zz00/QNyvEURbjlGw9wspdnBIuEDQk6wB+zWyWklCLk3wZIauMpKK7noN/hDHrcl5kD9XlUZoTI0tEMDD7MFy6E8zNRr3AHMlsVeEl4h7igZykbXNSMpA5dowBrOhqDxThtu+nV3ASvgY3BU+0MR65EEAjJZrKy5wJjnIxV0FsxMvcIGZ1fYXBlACwMpGh7pBbxPAn1KYm5nJYBmcyouXVc5Tr9wBQgABgbU7f6L2i0gxq7gEE/aOysXMEZoIMLt9o42MV3B9FLFsLoWKi3BMTNpQqnbwmOUmIoBV/hfWPca3iGXMdkZjlZUFsgw8ECBKwDJOswREPAmZiv1y4WAEdpyV+zvW5E3IzdsmY/whMmSbVOC2xdF3XMHZxtEsCDyn7zc/vdwAEJ+ieHKqhDEKnVjtfdiAu3LTteloDMzKwJt8IKB2bFNLIttHJMoTkVSCzkEF1HZ+8WIJaaat8AW4qkYl7gKFMzMzFl+01kMJYC4ok/gncyLC1wG0qMgB7Tq5Ok5ludaDtEBzMRHKIpOE6O2bdxbqKQyEkayJNtbU6jQ5VGogmTMzSwQkwfWm3kxbZBZWCrvmcP1iqxObmOZlpQaiNeXODODH11wXZsmrk7q8DtwcotkaAAyZHIyLHRTDoFADdnJHa/ACFG3cYka6TMyS9gOjtm06ugbMgCiTpADqNI5C4w033MkTSwNrwO5qWxFxjmBX0sog2yJXP2j9nqdNXYiJqO3Ru4RlOKusvY0Yuw7NvIZl9ZPb1+9vOkaWiosBRRRQBRRRQBUPiODF1AhMRct3J31t3UugeRKAeRqZRQFPh+GJZXDr1mUWewvLPKlQpBMFoEzE6GIBIqCOC217P1u4CIzTc1JW3lMgnQ9rrPBiD4VdY7AW7uQuCcjBlgkagg8txIBjwqJiOjlh5zKxDdZIzsB9qSX0B5lmP8AzGpsEDBcOtlLgTEk5x1Oee0DbuXWyyTLekVMkkgTOs0i7wVMpJxjhXUqCbk7LcUkFmILfaRJkgIvMSbF+jWHLFihJLFj2253OujfbrO3Hf4aU43A7JCgpouaBJ0z3Eunn+JFPqilggfw6DeVb4GcBEUv6LHtOYEQxBQZRySd3NIHCE7LDFXDoQCLhPpIloMIOkFZEyJYz31NHRrD69g6mdWb/eC737Zxm9Z5GK4ejWHIIKMcylGl31Bc3CDr+Ikz4nlSwQsLwu08uuKuMoIbW4drb5TMmCpKMsxqO+BTNng1ogoMUxClFy5oX7OwogLMFcrLc02Yz4C1t9HrAznIZuI6MSxLEO2du1uCTrp3DupL9GMOQQUY5s2btvrmQWzOv4RFLBHucJt3blwjEu2ePshcBVQGRjlXlrmk/wDFjYLE/hfChZLMGJzBQRsvZAEgTpoKcw3CbVtzcRYYlyTJ++7O3tZifXU+osBRRRQBRRRQHy3Wz+iT/wCoL/6Vz/trtFerl+F+xgx/Ej3CiiivKN4UUUUAUUUUAUUUUAUUUUAUUUUAUUUUAUUUUAUUUUAUUUUAUUUUAUUUUAUUUUAUUUUAUUUUAUUUUB//2Q==)](https://www.verywellhealth.com/carbon-monoxide-poisoning-3885555)",,,
Nitrogen Dioxide,Nitrogen Dioxide (NO2) is one of a group of highly reactive gases known as oxides of nitrogen or nitrogen oxides (NOx). Other nitrogen oxides include nitrous acid and nitric acid. NO2 is used as the indicator for the larger group of nitrogen oxides.,"NO2 primarily gets in the air from the burning of fuel. NO2 forms from emissions from cars, trucks and buses, power plants, and off-road equipment.","Breathing air with a high concentration of NO2 can irritate airways in the human respiratory system. Such exposures over short periods can aggravate respiratory diseases, particularly asthma, leading to respiratory symptoms (such as coughing, wheezing or difficulty breathing), hospital admissions and visits to emergency rooms. Longer exposures to elevated concentrations of NO2 may contribute to the development of asthma and potentially increase susceptibility to respiratory infections. People with asthma, as well as children and the elderly are generally at greater risk for  the health effects of NO2.","""[![Nitrogen Dioxide](https://sviindustrial.com/wp-content/uploads/2020/02/j8u8Vk3FtvEFh7ByYCUtBn5a1KUl4lk71582121142.jpg)(https://sviindustrial.com/2020/02/19/the-harmful-effects-of-nitrogen-oxides/)""",,,
Ozone,"Ozone at ground level is a harmful air pollutant, because of its effects on people and the environment, and it is the main ingredient in “smog.""","Tropospheric, or ground level ozone, is not emitted directly into the air, but is created by chemical reactions between oxides of nitrogen (NOx) and volatile organic compounds (VOC). This happens when pollutants emitted by cars, power plants, industrial boilers, refineries, chemical plants, and other sources chemically react in the presence of sunlight.","Ozone in the air we breathe can harm our health, especially on hot sunny days when ozone can reach unhealthy levels. People at greatest risk of harm from breathing air containing ozone include people with asthma.",[![Ozone](https://aircentraltexas.org/assets/uploads/images/_figureExpanded/Ozone-Health-Effects-crop.png)](https://aircentraltexas.org/en/regional-air-quality/what-is-ground-level-ozone),,,
Sulfur Dioxide,EPA’s national ambient air quality standards for SO2 are designed to protect against exposure to the entire group of sulfur oxides (SOx).  SO2 is the component of greatest concern and is used as the indicator for the larger group of gaseous sulfur oxides (SOx).  Other gaseous SOx (such as SO3) are found in the atmosphere at concentrations much lower than SO2. ,"The largest source of SO2 in the atmosphere is the burning of fossil fuels by power plants and other industrial facilities. Smaller sources of SO2 emissions include: industrial processes such as extracting metal from ore; natural sources such as volcanoes; and locomotives, ships and other vehicles and heavy equipment that burn fuel with a high sulfur content. ","Short-term exposures to SO2 can harm the human respiratory system and make breathing difficult. People with asthma, particularly children, are sensitive to these effects of SO2. SO2 emissions that lead to high concentrations of SO2 in the air generally also lead to the formation of other sulfur oxides (SOx). SOx can react with other compounds in the atmosphere to form small particles. These particles contribute to particulate matter (PM) pollution. Small particles may penetrate deeply into the lungs and in sufficient quantity can contribute to health problems.
",[![Sulfur Dioxide](https://scied.ucar.edu/sites/default/files/styles/extra_large/public/media/images/so2_molecule_sm_0.gif?itok=FRJCfZRJ)](),,,
Particulate Matter 10/2.5 μm,"PM stands for particulate matter (also called particle pollution): the term for a mixture of solid particles and liquid droplets found in the air. Some particles, such as dust, dirt, soot, or smoke, are large or dark enough to be seen with the naked eye. Others are so small they can only be detected using an electron microscope.
Particle pollution includes:
PM10 : inhalable particles, with diameters that are generally 10 micrometers and smaller; and
PM2.5 : fine inhalable particles, with diameters that are generally 2.5 micrometers and smaller.
How small is 2.5 micrometers? Think about a single hair from your head. The average human hair is about 70 micrometers in diameter – making it 30 times larger than the largest fine particle.
","These particles come in many sizes and shapes and can be made up of hundreds of different chemicals.
Some are emitted directly from a source, such as construction sites, unpaved roads, fields, smokestacks or fires.
Most particles form in the atmosphere as a result of complex reactions of chemicals such as sulfur dioxide and nitrogen oxides, which are pollutants emitted from power plants, industries and automobiles.
","Particulate matter contains microscopic solids or liquid droplets that are so small that they can be inhaled and cause serious health problems. Some particles less than 10 micrometers in diameter can get deep into your lungs and some may even get into your bloodstream. Of these, particles less than 2.5 micrometers in diameter, also known as fine particles or PM2.5, pose the greatest risk to health.
Fine particles are also the main cause of reduced visibility (haze) in parts of the United States, including many of our treasured national parks and wilderness areas.
",[![Particulate Matter 10/2.5 μm](https://blog.breezometer.com/hs-fs/hubfs/shutterstock_1824153368%20(1)-min.png?width=571&name=shutterstock_1824153368%20(1)-min.png)](https://blog.breezometer.com/what-is-particulate-matter),,,
,,,,,,, 